,Route,Direction,Model,MAE,RMSE
0,1,1,Linear Regression,25.164982003359455,37.962780336604425
1,1,2,Linear Regression,27.42162551277368,46.726630752688
2,1,1,Decision Tree,3.5472359502321895,9.82124510689715
3,1,2,Decision Tree,3.0402542687894676,8.988266232177097
4,1,1,Random Forest,18.411665698091173,31.551930146052655
5,1,2,Random Forest,20.678458299370806,35.662828637099146
0,13,1,Linear Regression,31.811332465120014,49.01096249732452
1,13,2,Linear Regression,28.96618735130664,44.99972499163213
2,13,1,Decision Tree,2.485242377059934,7.816454011697732
3,13,2,Decision Tree,3.1648200570467178,9.04435713290699
4,13,1,Random Forest,19.696610806522983,34.4353837473174
5,13,2,Random Forest,14.784633111022808,26.22626321541889
0,37,1,Linear Regression,31.099474429981463,46.10377689758094
1,37,2,Linear Regression,26.75976163988999,39.355523241205944
2,37,1,Decision Tree,2.633399260057177,8.26655080518445
3,37,2,Decision Tree,2.039456518068965,6.512769091792882
4,37,1,Random Forest,15.905116369256547,28.763333517327094
5,37,2,Random Forest,13.60959849521491,24.38709395078562
0,104,1,Linear Regression,23.023943928746526,36.26986177985882
1,104,2,Linear Regression,24.784813688003343,40.680437543048214
2,104,1,Decision Tree,0.3614810811619994,1.9157754263539881
3,104,2,Decision Tree,0.8704716405117809,3.885320658411418
4,104,1,Random Forest,10.516498106411953,20.506047895436865
5,104,2,Random Forest,11.641568574232103,23.70084895247864
0,11,1,Linear Regression,42.91837164331139,60.11572490257699
1,11,2,Linear Regression,25.51845727164327,41.68114886202652
2,11,1,Decision Tree,3.656162243360984,12.55067111772582
3,11,2,Decision Tree,2.0541168696561614,6.967768513249803
4,11,1,Random Forest,20.08499557973942,36.388314609671816
5,11,2,Random Forest,14.329970642433095,27.532204588702395
0,102,1,Linear Regression,21.350489665606542,34.033086156193214
1,102,2,Linear Regression,20.336934828128104,32.37084295503256
2,102,1,Decision Tree,1.5079162549182539,5.238720840828132
3,102,2,Decision Tree,1.3468524560576929,4.800091393495932
4,102,1,Random Forest,9.897641300101666,18.590805991061263
5,102,2,Random Forest,10.400292294355772,19.209073830044538
0,151,1,Linear Regression,25.57990018558878,38.55483332860051
1,151,2,Linear Regression,25.14964676165643,38.08902953866239
2,151,1,Decision Tree,3.1797976746899703,9.028490895181756
3,151,2,Decision Tree,2.8537429122983267,8.431785817811578
4,151,1,Random Forest,16.749860503513972,28.17845056463069
5,151,2,Random Forest,14.1757622660265,24.03484682994736
0,41,1,Linear Regression,36.353998660476435,55.691060981051336
1,41,2,Linear Regression,33.48217939718431,51.40117172181924
2,41,1,Decision Tree,2.7872419298350133,8.707570734018422
3,41,2,Decision Tree,3.1915172391206044,9.407051401399226
4,41,1,Random Forest,17.222888853643152,32.5288971907987
5,41,2,Random Forest,19.861364499515002,36.9867509227799
0,65,1,Linear Regression,23.37961220820056,44.46985196112552
1,65,2,Linear Regression,20.60312036094729,31.035842367779058
2,65,1,Decision Tree,0.4475413146387316,2.056055537782614
3,65,2,Decision Tree,0.4900916794918618,2.1032907875158804
4,65,1,Random Forest,13.202920930158902,28.189138067382167
5,65,2,Random Forest,16.27065843182366,27.242052719407116
0,7A,1,Linear Regression,29.485279088830644,43.62894390846239
1,7A,2,Linear Regression,32.469660722668195,50.26604370199746
2,7A,1,Decision Tree,1.8672736867023998,6.376072449554829
3,7A,2,Decision Tree,2.308304212643233,7.61947881738272
4,7A,1,Random Forest,16.02381572294474,28.014125214770726
5,7A,2,Random Forest,18.60995123006361,33.66604031375633
0,140,1,Linear Regression,32.23534024967841,51.200059396739675
1,140,2,Linear Regression,38.115022047127596,55.58080586816342
2,140,1,Decision Tree,4.584758693485441,11.955365523361792
3,140,2,Decision Tree,5.284493518516724,14.53303633655817
4,140,1,Random Forest,18.511564555255486,32.20266276710507
5,140,2,Random Forest,22.34901593205891,38.171107197180504
0,84,1,Linear Regression,25.949026864990245,40.628171468749976
1,84,2,Linear Regression,27.384266462967044,41.93495294157134
2,84,1,Decision Tree,0.586300563031446,2.75435141039875
3,84,2,Decision Tree,0.6869767788623258,3.2835813692431017
4,84,1,Random Forest,11.02023506318025,21.613723998546888
5,84,2,Random Forest,11.674169689099735,22.35542341585454
0,79A,1,Linear Regression,21.811256401557184,34.20981707488602
1,79A,2,Linear Regression,38.267951641804785,62.67563651523696
2,79A,1,Decision Tree,1.3824450235843937,4.905684486364945
3,79A,2,Decision Tree,1.4036964313071736,6.0952371251488495
4,79A,1,Random Forest,11.971893038748126,21.269081830481248
5,79A,2,Random Forest,15.792143436287267,32.133997591461195
0,15A,1,Linear Regression,48.70122891189135,65.89267415398093
1,15A,2,Linear Regression,29.808483787113378,44.38738606544033
2,15A,1,Decision Tree,2.3424380371094395,7.23120064283338
3,15A,2,Decision Tree,3.3107386053610353,9.90955358227444
4,15A,1,Random Forest,28.06554691799688,50.92233695063848
5,15A,2,Random Forest,17.097851319254737,28.414852132086807
0,17,1,Linear Regression,24.74867831767296,38.05708855357307
1,17,2,Linear Regression,22.65776198904835,34.73857632467941
2,17,1,Decision Tree,1.8889833333998216,6.633749322142722
3,17,2,Decision Tree,1.389320489782987,5.110574462756632
4,17,1,Random Forest,14.837374245395475,26.27487202199521
5,17,2,Random Forest,13.374053584230936,23.588791689409
0,44,1,Linear Regression,27.22092775289949,41.732718386563604
1,44,2,Linear Regression,26.811896784328177,43.419105630552934
2,44,1,Decision Tree,1.1746272637970845,4.552006400128175
3,44,2,Decision Tree,1.2044886161304973,4.545304586440717
4,44,1,Random Forest,14.47927766626886,24.75045427211142
5,44,2,Random Forest,14.449803144532954,26.370895329463362
0,40B,1,Linear Regression,23.632803840262223,36.14838134233993
1,40B,2,Linear Regression,24.454245995943744,38.18521764642046
2,40B,1,Decision Tree,0.26017456673851985,1.2072744862389577
3,40B,2,Decision Tree,0.09771734194558152,0.701414058067199
4,40B,1,Random Forest,12.78567616252582,24.102880947441488
5,40B,2,Random Forest,14.052176728793484,26.13545655612453
0,41C,1,Linear Regression,31.65688374057428,48.40179561995686
1,41C,2,Linear Regression,28.10299040668558,44.24146212084418
2,41C,1,Decision Tree,2.0226218140467696,6.584226917778498
3,41C,2,Decision Tree,2.578659660899575,7.95152411380398
4,41C,1,Random Forest,16.02947966296488,30.21891539796512
5,41C,2,Random Forest,14.525702814599944,26.495553738818945
0,83A,1,Linear Regression,33.64482870693425,50.36623235942895
1,83A,2,Linear Regression,28.760834352866468,44.737201640431635
2,83A,1,Decision Tree,0.6905307380136256,3.018950577646619
3,83A,2,Decision Tree,0.906874767985608,3.7611088330792555
4,83A,1,Random Forest,26.698104007409306,45.10378464547217
5,83A,2,Random Forest,13.899497494329559,26.21980235696513
0,238,1,Linear Regression,40.967055982194,61.98448017216565
1,238,2,Linear Regression,36.46196189722067,53.12204010762027
2,238,1,Decision Tree,0.7171772455712287,3.3100922839201687
3,238,2,Decision Tree,0.3649430461683997,1.8756352407060364
4,238,1,Random Forest,25.346682280155495,47.77886738808107
5,238,2,Random Forest,16.996312552405257,31.579597018446044
0,25,1,Linear Regression,25.187446205099597,40.25297673705867
1,25,2,Linear Regression,25.787469305911607,40.92501045737549
2,25,1,Decision Tree,0.8494066525028549,4.045003125524251
3,25,2,Decision Tree,0.8461252484989858,3.46265660274907
4,25,1,Random Forest,11.354269849425812,22.630355347191728
5,25,2,Random Forest,18.772463205816955,32.050470624030716
0,38A,1,Linear Regression,42.98888082774779,61.767282880767105
1,38A,2,Linear Regression,44.80932421243406,65.45252703767541
2,38A,1,Decision Tree,1.4853625050560604,6.136987558989602
3,38A,2,Decision Tree,2.5813325299455823,9.449912198242513
4,38A,1,Random Forest,23.406175759361957,41.69447890214958
5,38A,2,Random Forest,21.898547023810906,39.469026697556586
0,63,1,Linear Regression,27.11411172219402,41.8357439948846
1,63,2,Linear Regression,22.4999519719049,36.638827578111
2,63,1,Decision Tree,1.154747822168964,4.859839137149209
3,63,2,Decision Tree,1.3156795152282772,5.590456802638606
4,63,1,Random Forest,18.080064038916714,32.65881910196658
5,63,2,Random Forest,27.459628480704524,58.47498079680782
0,4,1,Linear Regression,26.778631777383076,41.19281244330053
1,4,2,Linear Regression,29.735041521913857,43.03238891053599
2,4,1,Decision Tree,3.8466744986771917,10.441146793856204
3,4,2,Decision Tree,3.9895693670776606,10.56943236444752
4,4,1,Random Forest,22.77488373123196,38.822417549234885
5,4,2,Random Forest,20.305371720582166,31.389067090440005
0,66A,1,Linear Regression,33.39148362973242,54.32972652872929
1,66A,2,Linear Regression,35.252524422884726,55.56916297383632
2,66A,1,Decision Tree,0.4449497289799864,2.5317253875593533
3,66A,2,Decision Tree,0.4277490339649511,2.288734577835844
4,66A,1,Random Forest,16.124791069861036,32.79324154711947
5,66A,2,Random Forest,18.988931805327688,36.031305812478806
0,31,1,Linear Regression,21.651220809975385,32.07133035070393
1,31,2,Linear Regression,22.23201531226065,31.62028713950488
2,31,1,Decision Tree,1.0765442327162211,3.7663318786514584
3,31,2,Decision Tree,1.7095704485640901,5.244142007012025
4,31,1,Random Forest,11.174228851823713,19.66255226157185
5,31,2,Random Forest,12.458126917851981,22.192320030841685
0,150,1,Linear Regression,36.33683551045107,55.69379157444553
1,150,2,Linear Regression,38.9191114351129,55.09501874893274
2,150,1,Decision Tree,2.4213061890742567,7.423888809693079
3,150,2,Decision Tree,2.6339642319875067,7.779502144315489
4,150,1,Random Forest,22.66404702273519,39.6225155993316
5,150,2,Random Forest,19.72467236469997,36.630258383125245
0,17A,1,Linear Regression,30.699925262763795,44.13187391342469
1,17A,2,Linear Regression,29.679344392487444,43.87597802326696
2,17A,1,Decision Tree,2.072294890501203,6.767970557506582
3,17A,2,Decision Tree,2.1685979809037494,6.915688713208046
4,17A,1,Random Forest,17.709155298445697,30.24883305802505
5,17A,2,Random Forest,15.48573089550742,27.25276354327172
0,25B,1,Linear Regression,32.47895401471974,50.09177372186919
1,25B,2,Linear Regression,42.73757824052011,66.03025259080495
2,25B,1,Decision Tree,2.333217999615964,7.507109025179592
3,25B,2,Decision Tree,2.0105164054176847,7.057518420344168
4,25B,1,Random Forest,17.40692495733625,30.914922458921296
5,25B,2,Random Forest,20.722558949055514,38.135245551465886
0,31A,1,Linear Regression,19.27383903224362,30.334293945636073
1,31A,2,Linear Regression,16.114352197217528,24.860218936825436
2,31A,1,Decision Tree,0.16807548528223112,1.0752062869195955
3,31A,2,Decision Tree,0.4162419180545805,1.90297341814628
4,31A,1,Random Forest,10.372219145239507,19.543100185564548
5,31A,2,Random Forest,8.981122948988098,16.48425304766291
0,27B,1,Linear Regression,27.14882832834005,41.224374576343635
1,27B,2,Linear Regression,33.26798055738853,47.123970108395575
2,27B,1,Decision Tree,1.1125898498876923,4.2875536614043686
3,27B,2,Decision Tree,2.287516317699815,7.194305884278968
4,27B,1,Random Forest,12.246773198031196,22.84618240982733
5,27B,2,Random Forest,31.975987811648405,51.2088157768342
0,33,1,Linear Regression,29.216913521107028,48.126345343592014
1,33,2,Linear Regression,23.84002120804762,35.96329221125634
2,33,1,Decision Tree,0.44479420223908206,2.3007203456066474
3,33,2,Decision Tree,0.8024054153723559,3.150965530734548
4,33,1,Random Forest,17.633122917814173,35.185687869683434
5,33,2,Random Forest,11.929730485024548,21.792589508937287
0,32,1,Linear Regression,18.193147621170667,27.65199918874871
1,32,2,Linear Regression,16.320548614258254,23.82500159033534
2,32,1,Decision Tree,1.2474194933695422,4.550899147688305
3,32,2,Decision Tree,1.3947576067608276,4.505509852885334
4,32,1,Random Forest,10.565137906176613,18.728444169335184
5,32,2,Random Forest,10.900206110158589,17.70859918220616
0,14,1,Linear Regression,25.459512343803425,39.30839679563176
1,14,2,Linear Regression,29.163375989460956,43.02529228113569
2,14,1,Decision Tree,2.882666629696325,8.346482238662592
3,14,2,Decision Tree,2.956218729997509,8.327766432361479
4,14,1,Random Forest,13.509751599579996,24.02662804948193
5,14,2,Random Forest,15.053386698033373,25.626621428098236
0,67,1,Linear Regression,23.91176742009101,36.05344983679298
1,67,2,Linear Regression,25.997163126753755,42.36725673438807
2,67,1,Decision Tree,1.3680663560404989,4.9421119276541114
3,67,2,Decision Tree,1.6101836527634978,5.738079651068247
4,67,1,Random Forest,12.416015071245269,23.02905521651371
5,67,2,Random Forest,14.315010327777484,26.590939350033477
0,9,1,Linear Regression,28.119839679977535,41.15685489676452
1,9,2,Linear Regression,27.34309073581138,40.84305903734675
2,9,1,Decision Tree,3.9105911964236935,10.544362890312938
3,9,2,Decision Tree,3.372649401111829,9.644432169683125
4,9,1,Random Forest,15.491765437416122,25.984905819288688
5,9,2,Random Forest,14.354155394917768,24.987999868399818
0,61,1,Linear Regression,22.213146860962986,34.819868937321004
1,61,2,Linear Regression,27.691395669968788,44.000803088274694
2,61,1,Decision Tree,0.5397694074905552,2.4774683244149514
3,61,2,Decision Tree,0.6563144458026529,2.845724010531508
4,61,1,Random Forest,10.765325010781341,20.468006119192722
5,61,2,Random Forest,11.829454376503332,26.176137687455235
0,43,1,Linear Regression,46.62640430175235,65.89193472804129
1,43,2,Linear Regression,34.87216612783199,49.285358592942046
2,43,1,Decision Tree,1.3176770743390465,4.492232094120999
3,43,2,Decision Tree,1.4690221706698847,4.98765483225848
4,43,1,Random Forest,26.46413055455511,47.38163443641271
5,43,2,Random Forest,26.345423578026175,42.79632357220183
0,130,1,Linear Regression,23.090206058797932,34.42523928435057
1,130,2,Linear Regression,22.12357017361185,33.09877329543431
2,130,1,Decision Tree,2.849323815437724,7.404849936400183
3,130,2,Decision Tree,3.751828061625977,9.387480659104304
4,130,1,Random Forest,13.961394031790487,25.42976898136808
5,130,2,Random Forest,12.197475525381199,21.536535565847554
0,68,1,Linear Regression,23.003902460859962,36.453951443632555
1,68,2,Linear Regression,24.112148782519203,36.26434883936622
2,68,1,Decision Tree,0.45061018678746617,2.1940736501713256
3,68,2,Decision Tree,0.6083957296199796,2.6510854377738577
4,68,1,Random Forest,12.646323000437649,22.942411849634944
5,68,2,Random Forest,13.376333268279842,24.45333044200141
0,15,1,Linear Regression,47.06865733397525,67.22318346032836
1,15,2,Linear Regression,41.44369671038062,65.73776421084287
2,15,1,Decision Tree,5.035856698071005,13.782162938202688
3,15,2,Decision Tree,5.247466604904327,14.449006524094761
4,15,1,Random Forest,24.349530735807022,41.07847303099862
5,15,2,Random Forest,21.824910021872064,38.32440495440027
0,123,1,Linear Regression,29.453870297309262,47.238257273719526
1,123,2,Linear Regression,27.32393986783399,44.69499455199438
2,123,1,Decision Tree,4.65481630036387,12.661285368325322
3,123,2,Decision Tree,3.4030550363230327,10.654341805136534
4,123,1,Random Forest,25.508178880728167,43.602872000042595
5,123,2,Random Forest,17.421212832356474,30.403044453361854
0,122,1,Linear Regression,25.63749509766159,38.161779163691065
1,122,2,Linear Regression,26.290844981103643,39.118438540146535
2,122,1,Decision Tree,3.1163369982898512,9.032017952669825
3,122,2,Decision Tree,3.01331096379941,8.805480515364641
4,122,1,Random Forest,24.30745251243877,36.82933721501115
5,122,2,Random Forest,18.550115112067065,30.411223840495406
0,120,1,Linear Regression,37.184100096543645,56.059170566425955
1,120,2,Linear Regression,36.587407406017405,53.33964384890307
2,120,1,Decision Tree,1.5775260924751457,4.969593653593193
3,120,2,Decision Tree,1.5740354672747254,4.749224482199315
4,120,1,Random Forest,17.050492636171754,33.14526929799225
5,120,2,Random Forest,18.07950434593014,33.44542348007754
0,47,1,Linear Regression,25.89919832898652,41.25077137514345
1,47,2,Linear Regression,40.33854060131981,55.69244576071087
2,47,1,Decision Tree,0.6533642283850271,3.195991873846762
3,47,2,Decision Tree,0.4206194627809986,2.3001524168626513
4,47,1,Random Forest,17.25183409602028,29.77943160647551
5,47,2,Random Forest,18.427729902721705,33.09621259889641
0,69,1,Linear Regression,21.932440768830098,35.3312766263846
1,69,2,Linear Regression,26.085263521800155,40.1036734603525
2,69,1,Decision Tree,0.45393899537789834,2.3432652399524883
3,69,2,Decision Tree,0.5841005861235004,2.8090027090305996
4,69,1,Random Forest,13.344207401421732,24.059683782724495
5,69,2,Random Forest,14.186148613228951,25.42178649671571
0,39A,1,Linear Regression,33.060730404683454,48.413047281907005
1,39A,2,Linear Regression,29.14386880163767,43.726057858897235
2,39A,1,Decision Tree,4.0431029165742975,10.39173190808666
3,39A,2,Decision Tree,4.8044058987141485,12.045934582374318
4,39A,1,Random Forest,17.02403163005946,29.17317351256471
5,39A,2,Random Forest,16.947672608795816,28.223448642051654
0,76,1,Linear Regression,37.76283702231245,57.29425620531765
1,76,2,Linear Regression,41.03247287917903,65.75931538288133
2,76,1,Decision Tree,2.1309667818309426,7.929257824474691
3,76,2,Decision Tree,1.5423399847425172,5.613254143215005
4,76,1,Random Forest,17.82095697282879,33.384802310184966
5,76,2,Random Forest,20.27969662237546,40.03423489153204
0,40,1,Linear Regression,28.58865790235441,41.7188517601578
1,40,2,Linear Regression,25.84970202493598,38.652072196486515
2,40,1,Decision Tree,3.458874600096391,8.957711543328813
3,40,2,Decision Tree,3.718736247427471,9.736431787001509
4,40,1,Random Forest,14.563166228798467,24.30709217179437
5,40,2,Random Forest,13.358192631678012,22.867792267139777
0,70,1,Linear Regression,48.189588227877636,69.46919388615926
1,70,2,Linear Regression,41.6445583084555,61.14219212863069
2,70,1,Decision Tree,1.308214405755348,6.56867584352427
3,70,2,Decision Tree,0.9664525615951368,4.231065651696764
4,70,1,Random Forest,22.804512694813166,40.99623050277162
5,70,2,Random Forest,19.35903344935731,36.139651906001845
0,29A,1,Linear Regression,19.8218910663196,29.432618677758885
1,29A,2,Linear Regression,19.518560840297763,29.02692372443232
2,29A,1,Decision Tree,1.8737577431744092,5.903756185014231
3,29A,2,Decision Tree,2.8872459892970204,7.904520896736367
4,29A,1,Random Forest,13.366974559056525,21.4483064835673
5,29A,2,Random Forest,12.621337784514653,21.216711484436363
0,25A,1,Linear Regression,31.988496765012975,46.23811540080452
1,25A,2,Linear Regression,38.32417689589589,57.441682091084814
2,25A,1,Decision Tree,2.4969759559806537,7.84957683603113
3,25A,2,Decision Tree,2.5656442786834166,8.053796483706028
4,25A,1,Random Forest,14.293626711369038,24.538907326631794
5,25A,2,Random Forest,18.895894218581113,33.3255360799114
0,38,1,Linear Regression,34.21621443153832,51.84391902653811
1,38,2,Linear Regression,39.674265726619275,57.22426327031898
2,38,1,Decision Tree,1.7927601211167796,6.47324489414285
3,38,2,Decision Tree,1.840615459690607,7.506721304742484
4,38,1,Random Forest,18.172487339381256,33.669789432561316
5,38,2,Random Forest,21.09892295361886,36.667747829970985
0,49,1,Linear Regression,23.615153941098036,35.83063234226547
1,49,2,Linear Regression,28.93597404548681,42.555499273140754
2,49,1,Decision Tree,2.077274278781038,6.842362961430768
3,49,2,Decision Tree,2.369790606505826,8.094599973774944
4,49,1,Random Forest,20.36029192256425,37.92733055254385
5,49,2,Random Forest,20.121127886937654,34.22217699049927
0,65B,1,Linear Regression,23.173527936866876,43.32947906449205
1,65B,2,Linear Regression,30.018739406204386,42.74387615380965
2,65B,1,Decision Tree,0.7820470113025277,3.3697755860609426
3,65B,2,Decision Tree,1.2885650724632198,5.635764016414508
4,65B,1,Random Forest,14.797908259381158,29.955235590594604
5,65B,2,Random Forest,22.04754479887571,38.70305869791785
0,39,1,Linear Regression,35.116400643047776,53.81873527354488
1,39,2,Linear Regression,25.972874908539396,39.74416670665502
2,39,1,Decision Tree,1.428396818303374,5.053098957496723
3,39,2,Decision Tree,2.249233878230696,7.383350027394053
4,39,1,Random Forest,18.121655460754436,35.22884948617153
5,39,2,Random Forest,15.078847820248466,26.48397377807888
0,45A,1,Linear Regression,18.93193838622354,28.300928530621572
1,45A,2,Linear Regression,19.197648753371073,29.721619471465218
2,45A,1,Decision Tree,1.177249968552613,4.280466455538151
3,45A,2,Decision Tree,1.1663535657121025,4.438762367578725
4,45A,1,Random Forest,9.145919441111195,16.48907879877574
5,45A,2,Random Forest,10.190243105162024,18.912484217621007
0,42,1,Linear Regression,18.959752971062944,29.750860892135734
1,42,2,Linear Regression,28.389058714679962,43.09737048060123
2,42,1,Decision Tree,2.059384314836706,6.138160948113627
3,42,2,Decision Tree,2.080306434445975,6.1563881232152875
4,42,1,Random Forest,11.294735461798032,19.40177873475159
5,42,2,Random Forest,17.99767795409854,29.15780367056046
0,77A,1,Linear Regression,30.282554397603807,48.63564459056517
1,77A,2,Linear Regression,28.43761754266556,44.17847411373928
2,77A,1,Decision Tree,2.499557455891236,7.739718321812932
3,77A,2,Decision Tree,2.7625098709155593,8.07655785557716
4,77A,1,Random Forest,18.938518082059076,36.38783835890792
5,77A,2,Random Forest,17.6560140479024,28.85610536614492
0,27,1,Linear Regression,27.923210771377125,42.64920538971763
1,27,2,Linear Regression,28.970543653281474,42.30739563701509
2,27,1,Decision Tree,3.953760716783758,10.077779943050563
3,27,2,Decision Tree,3.2631183496419864,9.144230353474569
4,27,1,Random Forest,15.68797405075321,26.877617318192538
5,27,2,Random Forest,14.888533826071452,25.249082347065173
0,54A,1,Linear Regression,23.15654509870642,38.40889369717378
1,54A,2,Linear Regression,28.256685205681357,41.2231022571992
2,54A,1,Decision Tree,1.9296701437864223,6.265811232266469
3,54A,2,Decision Tree,3.4804042650246063,9.728407999399899
4,54A,1,Random Forest,14.336861365905724,26.52340167789632
5,54A,2,Random Forest,45.5590828405511,68.23056921504104
0,46A,1,Linear Regression,34.474813067488974,49.337582319773354
1,46A,2,Linear Regression,46.09497640873906,67.50139688243019
2,46A,1,Decision Tree,6.15576566180306,14.573996223856108
3,46A,2,Decision Tree,5.697050570758515,14.127710759887808
4,46A,1,Random Forest,20.021833090396242,35.402336010063394
5,46A,2,Random Forest,30.30714950565672,54.48598190903901
0,27A,1,Linear Regression,27.015115957006106,38.63873603115552
1,27A,2,Linear Regression,21.608430448643404,30.67220286226595
2,27A,1,Decision Tree,1.2441267058437488,4.227363579862387
3,27A,2,Decision Tree,1.5677233608957246,4.871047120289717
4,27A,1,Random Forest,15.302146731841503,29.96849014178638
5,27A,2,Random Forest,13.73659413119388,24.664923739328753
0,40D,1,Linear Regression,25.12327025811586,41.51065672406621
1,40D,2,Linear Regression,21.239714961381285,32.41486755786182
2,40D,1,Decision Tree,1.9016254923745937,6.193150499962196
3,40D,2,Decision Tree,2.499935561655849,7.221002044484072
4,40D,1,Random Forest,12.726594554430685,25.713368695104986
5,40D,2,Random Forest,10.620776926600128,19.391456271869036
0,7,1,Linear Regression,43.35818389491273,61.388856505420534
1,7,2,Linear Regression,37.795773445740664,56.97699305531687
2,7,1,Decision Tree,1.760648294954177,6.9057471460993005
3,7,2,Decision Tree,2.1175700307036114,7.35980661817496
4,7,1,Random Forest,20.71996744072682,35.87126440308609
5,7,2,Random Forest,19.53444459555166,35.8106796370933
0,53,1,Linear Regression,46.77329822809553,70.78327869334505
1,53,2,Linear Regression,32.60734509229399,51.00291949897259
2,53,1,Decision Tree,0.9206169708016387,5.761135244280603
3,53,2,Decision Tree,0.6273228571384452,2.8752861618947403
4,53,1,Random Forest,22.350049664414424,43.57527458024077
5,53,2,Random Forest,18.080055785475345,34.25161020287639
0,33B,1,Linear Regression,34.77795266940637,59.42596533566084
1,33B,2,Linear Regression,40.43972107441701,57.9392450846436
2,33B,1,Decision Tree,0.823604387311664,3.323182356062608
3,33B,2,Decision Tree,1.1919336502515858,4.6842893068347715
4,33B,1,Random Forest,17.867985680136318,37.031469713223814
5,33B,2,Random Forest,19.726754733457483,35.31999369548661
0,75,1,Linear Regression,21.85149694565023,32.69134290125617
1,75,2,Linear Regression,22.06607641848438,33.05973770025345
2,75,1,Decision Tree,1.3864872153515757,4.923397381596645
3,75,2,Decision Tree,1.3271150054611183,4.812758757013891
4,75,1,Random Forest,16.62259714419096,25.564762353338892
5,75,2,Random Forest,13.13379117239759,22.30884214042291
0,270,1,Linear Regression,75.47883850481837,108.88980175863107
1,270,2,Linear Regression,49.80492164860798,71.05995854741349
2,270,1,Decision Tree,1.0226834312565798,5.404792655498896
3,270,2,Decision Tree,0.7857354657955562,3.7459618240279173
4,270,1,Random Forest,36.524191512468235,67.08996896484105
5,270,2,Random Forest,19.41834372242226,36.902772238192334
0,18,1,Linear Regression,25.53430605603925,38.90408062549256
1,18,2,Linear Regression,28.321280164426753,42.95197392671023
2,18,1,Decision Tree,1.6206238481935842,5.957572305943607
3,18,2,Decision Tree,1.9067077933968315,6.669064326534591
4,18,1,Random Forest,14.068945281347569,26.043534485108502
5,18,2,Random Forest,17.00146472954823,28.466385656010484
0,16,1,Linear Regression,30.797725018957077,48.347217793854895
1,16,2,Linear Regression,38.553589028189954,55.49826553647822
2,16,1,Decision Tree,3.635232440525848,9.839432782480008
3,16,2,Decision Tree,4.073410532748307,11.233388929898474
4,16,1,Random Forest,15.955399580402338,29.40802113515418
5,16,2,Random Forest,20.856646792744602,35.3726607027962
0,41B,1,Linear Regression,21.87990498215419,36.40402291411952
1,41B,2,Linear Regression,25.37883165979169,38.476102857307964
2,41B,1,Decision Tree,0.07064711137467689,0.48419808633981953
3,41B,2,Decision Tree,0.14050228267488116,0.8375517261222409
4,41B,1,Random Forest,12.953475914356252,25.127436429513626
5,41B,2,Random Forest,11.752414066453502,21.93588530561166
0,145,1,Linear Regression,36.022509873842765,54.565119768537166
1,145,2,Linear Regression,37.766497830359555,53.20307049135803
2,145,1,Decision Tree,4.289485225799867,10.844605004148448
3,145,2,Decision Tree,5.363084893765652,13.530902528243788
4,145,1,Random Forest,20.31097911196573,36.94826656173346
5,145,2,Random Forest,19.34082348123606,32.922996123885476
0,79,1,Linear Regression,33.849027489351684,58.51991413976297
1,79,2,Linear Regression,32.741666607555985,53.1796191942722
2,79,1,Decision Tree,1.7327980307484618,5.640417275358377
3,79,2,Decision Tree,2.2105828218385515,7.312733243515057
4,79,1,Random Forest,16.41569262724738,36.81334231542411
5,79,2,Random Forest,16.787416185504863,31.927585550549807
0,16C,1,Linear Regression,18.246349581976297,25.470167351057462
1,16C,2,Linear Regression,15.084660320072018,19.763788414204804
2,16C,1,Decision Tree,0.017908735159374214,0.11856182397793494
3,16C,2,Decision Tree,0.0,0.0
4,16C,1,Random Forest,13.49095996024781,22.049773925471698
5,16C,2,Random Forest,9.174292752309531,13.824295956328514
0,66,1,Linear Regression,32.629494912119384,47.611240586496194
1,66,2,Linear Regression,34.40201579246923,51.41056767328918
2,66,1,Decision Tree,1.5598633746412636,5.709946596268733
3,66,2,Decision Tree,1.3823656245670162,5.446711775897066
4,66,1,Random Forest,15.777068832907862,26.975667993600847
5,66,2,Random Forest,16.607036331981014,29.675561909376622
0,15B,1,Linear Regression,47.84753224197621,75.99018622233982
1,15B,2,Linear Regression,30.301880511432714,46.43330204817881
2,15B,1,Decision Tree,2.548073470316999,11.193183630062373
3,15B,2,Decision Tree,3.049575765601235,9.227163024090974
4,15B,1,Random Forest,21.63656560499083,43.17994425003796
5,15B,2,Random Forest,16.243233479496983,28.66412120491851
0,83,1,Linear Regression,29.196465245010916,46.2526554302975
1,83,2,Linear Regression,26.7897770105346,45.749054338135956
2,83,1,Decision Tree,2.8597288691543117,8.48494402013953
3,83,2,Decision Tree,2.6707755859103015,7.963167710214527
4,83,1,Random Forest,19.724502885804313,33.34256594897045
5,83,2,Random Forest,14.32378661111987,28.354860017717733
0,185,1,Linear Regression,36.523885829475425,57.82446766153215
1,185,2,Linear Regression,23.601566199822983,42.99698285520024
2,185,1,Decision Tree,0.6615586397910238,3.265309108683877
3,185,2,Decision Tree,0.5488867902781167,2.3569355040569433
4,185,1,Random Forest,16.320057608068606,34.08560540326636
5,185,2,Random Forest,17.980591947248126,38.051750219263475
0,26,1,Linear Regression,36.77304031219942,59.35336279033732
1,26,2,Linear Regression,42.31601928246497,72.92120239370132
2,26,1,Decision Tree,1.2373082857847322,5.1967652373910385
3,26,2,Decision Tree,1.2060026470448917,5.061314183701195
4,26,1,Random Forest,17.144217575766994,33.816542950827326
5,26,2,Random Forest,21.953565746481807,46.29835850614718
0,56A,1,Linear Regression,20.948730303957444,31.180403387540647
1,56A,2,Linear Regression,22.349962910536338,34.4521148390439
2,56A,1,Decision Tree,0.46342985171323775,2.4709450741979815
3,56A,2,Decision Tree,0.8895075514420318,3.6425297240165952
4,56A,1,Random Forest,10.137770253395132,18.455839886908162
5,56A,2,Random Forest,10.405772850282371,19.739096363693346
0,33A,1,Linear Regression,17.131612099544455,27.561295329986123
1,33A,2,Linear Regression,15.523748963627854,25.010317843182385
2,33A,1,Decision Tree,0.05002425389734376,0.35681244162665715
3,33A,2,Decision Tree,0.03443477384444872,0.24394990201651504
4,33A,1,Random Forest,9.38847026609157,17.772891087638182
5,33A,2,Random Forest,8.633941888350975,16.860688802697034
0,59,1,Linear Regression,21.673561007741114,34.09813272177121
1,59,2,Linear Regression,19.63777286101455,30.16811666316012
2,59,1,Decision Tree,0.40564669269714576,1.9572481176001506
3,59,2,Decision Tree,0.37449264223362605,1.868017796978389
4,59,1,Random Forest,9.807682405740112,19.205980909157955
5,59,2,Random Forest,10.365376899567044,19.28802006387465
0,220,1,Linear Regression,21.8163213520247,31.722842114788936
1,220,2,Linear Regression,25.623047403246503,38.71341547129304
2,220,1,Decision Tree,0.2866878117405566,1.349638907366275
3,220,2,Decision Tree,0.09311298962852585,0.5967576282813134
4,220,1,Random Forest,10.542476809826521,18.61124830048485
5,220,2,Random Forest,11.802489817722737,22.455751714970628
0,184,1,Linear Regression,15.420301467120634,26.34551033303129
1,184,2,Linear Regression,22.975241973126423,35.7691503341301
2,184,1,Decision Tree,0.9412540128742027,3.5871802163280293
3,184,2,Decision Tree,1.5933245930278555,6.329084627930206
4,184,1,Random Forest,7.535745676257324,15.573105750682851
5,184,2,Random Forest,10.690783868235519,21.374822946011985
0,142,1,Linear Regression,31.146681787139993,43.27862968174339
1,142,2,Linear Regression,29.146066161510287,42.02425403309919
2,142,1,Decision Tree,0.14307300378532334,0.873041336070045
3,142,2,Decision Tree,0.1670559254206939,1.0766350924949892
4,142,1,Random Forest,14.191180790166733,24.659861981139095
5,142,2,Random Forest,13.186584438594883,23.337286203591322
0,31B,1,Linear Regression,16.941059887204844,23.397545716101902
1,31B,2,Linear Regression,16.24011998467246,23.049084191432286
2,31B,1,Decision Tree,0.002313510700474272,0.02287650173736848
3,31B,2,Decision Tree,0.007197649447480677,0.0820959555389037
4,31B,1,Random Forest,8.164035110693135,13.796850295982162
5,31B,2,Random Forest,6.964301533050906,12.286105156977186
0,68A,1,Linear Regression,34.13751903006226,49.12431812895848
1,68A,2,Linear Regression,42.830061609478335,56.92733302276812
2,68A,1,Decision Tree,0.11665168197516446,0.5652458908464734
3,68A,2,Decision Tree,0.0,0.0
4,68A,1,Random Forest,27.00634577244961,44.50272299789639
5,68A,2,Random Forest,26.239309912603847,40.95300251798623
0,66B,1,Linear Regression,35.765517082716194,50.72539049115139
1,66B,2,Linear Regression,31.12240934258032,47.750175427220476
2,66B,1,Decision Tree,0.5153493295766266,3.0931600822696548
3,66B,2,Decision Tree,0.49729493096736066,2.6717807231748942
4,66B,1,Random Forest,16.41559959654416,29.60966842546103
5,66B,2,Random Forest,16.858134226528676,31.813111806981986
0,111,1,Linear Regression,22.340755321172736,38.03500466001686
1,111,2,Linear Regression,29.257423945356948,41.74049856748474
2,111,1,Decision Tree,0.6418792546741574,2.679165435181082
3,111,2,Decision Tree,0.7351263290885792,3.206825685221479
4,111,1,Random Forest,10.111614908806974,22.24400393914284
5,111,2,Random Forest,13.334892920193703,23.526386068046943
0,236,1,Linear Regression,23.2106844552772,32.12185476030083
1,236,2,Linear Regression,25.173173449698563,35.50664086720016
2,236,1,Decision Tree,0.000925925925925925,0.009457062278320204
3,236,2,Decision Tree,0.0,0.0
4,236,1,Random Forest,9.932676360285777,17.859991171122036
5,236,2,Random Forest,11.098251535117766,19.575251257174013
0,84A,1,Linear Regression,36.12831886182876,57.55498091839511
1,84A,2,Linear Regression,30.076600105593922,42.585649065657314
2,84A,1,Decision Tree,0.16872927632790072,1.0557187586714758
3,84A,2,Decision Tree,0.06721165110052346,0.5732469757848552
4,84A,1,Random Forest,22.713731521999645,43.63088424398321
5,84A,2,Random Forest,12.730575534461115,23.043784137394766
0,67X,1,Linear Regression,21.580703033659766,28.37330617765552
1,67X,2,Linear Regression,25.784767970912007,34.02345097921307
2,67X,1,Decision Tree,0.18168750154432214,1.126180996038553
3,67X,2,Decision Tree,0.28018226555332065,1.5816215412290786
4,67X,1,Random Forest,9.995670487613303,16.10996010152787
5,67X,2,Random Forest,11.844103497590426,19.37179819250896
0,84X,1,Linear Regression,42.0283791505069,56.32214725861499
1,84X,2,Linear Regression,31.7726297817395,46.06295962378315
2,84X,1,Decision Tree,0.05158297732159105,0.44960646376428764
3,84X,2,Decision Tree,0.34009198516951894,1.9273492856869205
4,84X,1,Random Forest,25.254176591191204,40.55757338432985
5,84X,2,Random Forest,15.681552563895506,27.0541765764847
0,239,1,Linear Regression,49.449515975534936,65.57258975232884
1,239,2,Linear Regression,57.043765804973226,84.64460648279479
2,239,1,Decision Tree,0.38511833371809046,3.2267961296980605
3,239,2,Decision Tree,0.27124284216937056,1.8996947360091418
4,239,1,Random Forest,26.934416619419174,48.31289923799499
5,239,2,Random Forest,25.61705198789677,52.30778720993781
0,42D,1,Linear Regression,23.039468144327056,32.01967880112763
1,42D,2,Linear Regression,18.335219759899008,24.872647151893798
2,42D,1,Decision Tree,0.0,0.0
3,42D,2,Decision Tree,0.0,0.0
4,42D,1,Random Forest,10.537417916476395,18.571361066993692
5,42D,2,Random Forest,7.6924086461042975,13.059094910822543
0,66X,1,Linear Regression,24.146138000857636,32.656152877142226
1,66X,2,Linear Regression,34.73196420517279,45.19648112689394
2,66X,1,Decision Tree,0.18332086657175764,0.9986947869239204
3,66X,2,Decision Tree,1.3253797763915556,4.744595731365728
4,66X,1,Random Forest,11.4743358112423,18.86397737614881
5,66X,2,Random Forest,16.752340666332632,27.290766736785752
0,41X,1,Linear Regression,29.793772708999626,39.170975513358485
1,41X,2,Linear Regression,26.32081336930883,35.908933988243874
2,41X,1,Decision Tree,0.28018939953098404,1.4162082030736949
3,41X,2,Decision Tree,0.2787713361156497,1.3598239239848025
4,41X,1,Random Forest,14.78148673499361,23.87499350166149
5,41X,2,Random Forest,16.552930720516812,26.410761999006297
0,46E,1,Linear Regression,,
1,46E,2,Linear Regression,37.895338388718926,51.013376145650305
2,46E,1,Decision Tree,,
3,46E,2,Decision Tree,0.002972360115217251,0.019863887276207977
4,46E,1,Random Forest,,
5,46E,2,Random Forest,17.857073721860246,28.87002423367964
0,38B,1,Linear Regression,26.823019096819795,36.51808929477136
1,38B,2,Linear Regression,44.861849163819926,64.46359860225992
2,38B,1,Decision Tree,0.05247953095395228,0.4471740609717021
3,38B,2,Decision Tree,0.27347056880966625,1.5604096791303634
4,38B,1,Random Forest,14.009183354810073,24.15159007412111
5,38B,2,Random Forest,20.797679117129682,38.38055203827244
0,7B,1,Linear Regression,26.47765114379432,39.51736726973503
1,7B,2,Linear Regression,34.38787505839367,47.43403637197166
2,7B,1,Decision Tree,0.21617860355703078,1.2397024078203223
3,7B,2,Decision Tree,0.21805119407444917,0.9235841188281599
4,7B,1,Random Forest,12.30148383875081,22.601314897891108
5,7B,2,Random Forest,18.196159824524756,31.235191004794935
0,114,1,Linear Regression,36.33834864979168,57.43591107216527
1,114,2,Linear Regression,36.7652703926454,59.592949780866164
2,114,1,Decision Tree,0.4050676823465753,2.3406527456928776
3,114,2,Decision Tree,0.3946952831726139,2.216391883845668
4,114,1,Random Forest,16.89256402604036,32.10387613805364
5,114,2,Random Forest,16.61431705796375,33.73250986496491
0,7D,1,Linear Regression,26.50727538628544,34.16607404390852
1,7D,2,Linear Regression,28.334095255594235,38.903081838727374
2,7D,1,Decision Tree,0.001916788814973502,0.011992359559241541
3,7D,2,Decision Tree,0.0,0.0
4,7D,1,Random Forest,12.777699686381613,20.647279414624965
5,7D,2,Random Forest,12.215052939334676,23.393477262582195
0,32X,1,Linear Regression,28.991716489432,39.04715737630912
1,32X,2,Linear Regression,27.03526428817036,37.82031602451046
2,32X,1,Decision Tree,0.007109543632439098,0.058023697147448046
3,32X,2,Decision Tree,0.00011986096128490925,0.0010534817110899519
4,32X,1,Random Forest,14.242376142134109,23.69256816940451
5,32X,2,Random Forest,13.422100394089139,23.37242045193078
0,44B,1,Linear Regression,30.604840951682764,46.07364740413344
1,44B,2,Linear Regression,35.12095990799604,54.62565668901231
2,44B,1,Decision Tree,0.015884170361367238,0.10745297759953888
3,44B,2,Decision Tree,0.005046618497790738,0.05846488219784651
4,44B,1,Random Forest,14.621481049051553,27.270603883012072
5,44B,2,Random Forest,18.37252215340887,35.7687618420102
0,33X,1,Linear Regression,21.28229793843615,38.58291543797059
1,33X,2,Linear Regression,23.517424801196558,35.0939973140146
2,33X,1,Decision Tree,0.13998065095371834,0.8075254052434189
3,33X,2,Decision Tree,0.06088081153219122,0.44357222736073393
4,33X,1,Random Forest,9.881657662952264,22.941606967138306
5,33X,2,Random Forest,12.33705666019755,21.55995034473988
0,25D,1,Linear Regression,30.353576343584336,45.3902063208016
1,25D,2,Linear Regression,57.56241686659139,82.56272523127026
2,25D,1,Decision Tree,0.06223510974694503,0.4067723911068811
3,25D,2,Decision Tree,0.04762925231111479,0.3687570041966378
4,25D,1,Random Forest,16.31421900121129,29.219384678652517
5,25D,2,Random Forest,27.44638250697313,47.80751208651048
0,51D,1,Linear Regression,18.753108410181,26.321572586706267
1,51D,2,Linear Regression,39.814498705545205,59.924230031932964
2,51D,1,Decision Tree,0.0,0.0
3,51D,2,Decision Tree,0.026297441555987004,0.1904565644878486
4,51D,1,Random Forest,8.883150994019385,15.093162107182149
5,51D,2,Random Forest,19.797757433241127,36.792589481766754
0,15D,1,Linear Regression,36.80126536005307,51.79526934328642
1,15D,2,Linear Regression,38.96960427998699,55.759052626698264
2,15D,1,Decision Tree,0.0015092375748113453,0.012544605864269028
3,15D,2,Decision Tree,0.0,0.0
4,15D,1,Random Forest,18.441935343221797,29.70766159596669
5,15D,2,Random Forest,18.93090366606361,32.29052055769777
0,31D,1,Linear Regression,27.593610860318577,37.254327845179496
1,31D,2,Linear Regression,30.144075251191232,42.14415126142239
2,31D,1,Decision Tree,0.0,0.0
3,31D,2,Decision Tree,0.0,0.0
4,31D,1,Random Forest,11.830232958563956,20.465068912593047
5,31D,2,Random Forest,13.047687564234328,23.47526261004327
0,39X,1,Linear Regression,53.687485460678595,75.45630427690797
1,39X,2,Linear Regression,39.22233491521677,55.291981508132984
2,39X,1,Decision Tree,0.11559941439635105,0.6220423777677072
3,39X,2,Decision Tree,0.032770759446769174,0.3221106268264859
4,39X,1,Random Forest,22.653782854626023,38.18050570638732
5,39X,2,Random Forest,18.516899836665083,33.37007551682941
0,27X,1,Linear Regression,27.393227282365565,39.49721489386333
1,27X,2,Linear Regression,25.9977081586682,34.44613232649194
2,27X,1,Decision Tree,0.008054978579144676,0.07353093259771332
3,27X,2,Decision Tree,0.001271294177472665,0.011422291355016557
4,27X,1,Random Forest,12.343159365966029,21.935174265605614
5,27X,2,Random Forest,12.924231084457222,20.83365584647226
0,51X,1,Linear Regression,,
1,51X,2,Linear Regression,32.53559578522258,44.41406533745631
2,51X,1,Decision Tree,,
3,51X,2,Decision Tree,0.0,0.0
4,51X,1,Random Forest,,
5,51X,2,Random Forest,15.767899613860347,26.71473181808269
0,76A,1,Linear Regression,60.67625655543914,82.53359393810993
1,76A,2,Linear Regression,40.421402803947274,58.11227830204116
2,76A,1,Decision Tree,0.0009093910291359976,0.009002471451184896
3,76A,2,Decision Tree,0.0024899443218013386,0.02310381815140791
4,76A,1,Random Forest,25.559969094993708,42.12533097015051
5,76A,2,Random Forest,19.19277182712461,33.415864749064994
0,25X,1,Linear Regression,30.866583607956183,46.173598615704144
1,25X,2,Linear Regression,38.72118091471193,55.01252161626302
2,25X,1,Decision Tree,0.00035745292268954285,0.0032935483619635593
3,25X,2,Decision Tree,0.0,0.0
4,25X,1,Random Forest,14.605714583575741,27.559595140474094
5,25X,2,Random Forest,20.63440346515335,38.04782930744994
0,77X,1,Linear Regression,,
1,77X,2,Linear Regression,25.135962763071248,34.39247500203533
2,77X,1,Decision Tree,,
3,77X,2,Decision Tree,0.0,0.0
4,77X,1,Random Forest,,
5,77X,2,Random Forest,11.312490299013241,19.598384361296677
0,38D,1,Linear Regression,30.067945495783377,42.65127632079413
1,38D,2,Linear Regression,27.850190831587188,35.83716508645652
2,38D,1,Decision Tree,0.0,0.0
3,38D,2,Decision Tree,0.0,0.0
4,38D,1,Random Forest,14.954750297485795,26.895150876517857
5,38D,2,Random Forest,15.01174732750243,23.721293747974318
0,69X,1,Linear Regression,31.734793779137277,44.691694433631376
1,69X,2,Linear Regression,49.164267414188956,65.69224376971387
2,69X,1,Decision Tree,0.000356506238859175,0.00298540717013266
3,69X,2,Decision Tree,0.0,0.0
4,69X,1,Random Forest,15.360484829317844,27.98679707017742
5,69X,2,Random Forest,26.146779306297024,43.23779468880862
0,41A,1,Linear Regression,,
1,41A,2,Linear Regression,27.322663477050646,37.55037202368694
2,41A,1,Decision Tree,,
3,41A,2,Decision Tree,0.0009341933394458131,0.00838215377082074
4,41A,1,Random Forest,,
5,41A,2,Random Forest,11.561079749554995,20.54196833635518
0,14C,1,Linear Regression,14.800864651798285,20.559935331678123
1,14C,2,Linear Regression,15.680515792932809,21.474905547259624
2,14C,1,Decision Tree,0.0,0.0
3,14C,2,Decision Tree,0.009436529867464839,0.047181393649245236
4,14C,1,Random Forest,17.939943140734606,23.127249819033143
5,14C,2,Random Forest,7.428152544687227,12.541404386866327
0,70D,1,Linear Regression,35.67291179620967,52.59955479672
1,70D,2,Linear Regression,24.404177611064103,32.01212649680984
2,70D,1,Decision Tree,0.0,0.0
3,70D,2,Decision Tree,0.0,0.0
4,70D,1,Random Forest,16.180830322559643,29.216466153504186
5,70D,2,Random Forest,11.312627357605447,18.69668513847261
0,116,1,Linear Regression,33.165161834866495,45.56284870621461
1,116,2,Linear Regression,37.208425933425566,49.894723802578135
2,116,1,Decision Tree,0.0,0.0
3,116,2,Decision Tree,0.0,0.0
4,116,1,Random Forest,16.782043723814898,27.15005771596899
5,116,2,Random Forest,20.6056341023434,34.395983186141514
0,118,1,Linear Regression,,
1,118,2,Linear Regression,33.0595266041331,42.52466418836678
2,118,1,Decision Tree,,
3,118,2,Decision Tree,0.0,0.0
4,118,1,Random Forest,,
5,118,2,Random Forest,17.203549313278582,26.54582621978874
0,161,1,Linear Regression,16.39025108931461,21.869457355798886
1,161,2,Linear Regression,37.83734125410673,53.91174723505221
2,161,1,Decision Tree,0.0,0.0
3,161,2,Decision Tree,0.0,0.0
4,161,1,Random Forest,11.824671476571849,17.477027053089206
5,161,2,Random Forest,17.829241228617622,33.94809187148832
0,68X,1,Linear Regression,,
1,68X,2,Linear Regression,25.57082140463576,33.41644612489724
2,68X,1,Decision Tree,,
3,68X,2,Decision Tree,0.0,0.0
4,68X,1,Random Forest,,
5,68X,2,Random Forest,15.055732561830125,23.25983272829666
0,33D,1,Linear Regression,31.454343183321008,45.67357074195635
1,33D,2,Linear Regression,28.224508872907798,41.29554354404593
2,33D,1,Decision Tree,0.0,0.0
3,33D,2,Decision Tree,0.0,0.0
4,33D,1,Random Forest,15.311908704947923,27.198551965548017
5,33D,2,Random Forest,15.987625693083782,28.24922295960695
0,40E,1,Linear Regression,25.032565651789692,37.96035903083377
1,40E,2,Linear Regression,20.978233719596364,36.09858421161834
2,40E,1,Decision Tree,0.0056763632872503834,0.041128185136301794
3,40E,2,Decision Tree,0.005022484591894451,0.04977685330609868
4,40E,1,Random Forest,12.764550204178882,23.49380578967224
5,40E,2,Random Forest,8.565372497251833,18.55190037425379
0,16D,1,Linear Regression,31.27441375777332,44.46109077863415
1,16D,2,Linear Regression,,
2,16D,1,Decision Tree,0.0,0.0
3,16D,2,Decision Tree,,
4,16D,1,Random Forest,16.23318524041936,30.423596228106703
5,16D,2,Random Forest,,
0,33E,1,Linear Regression,9.23301804542156,11.475927875943762
1,33E,2,Linear Regression,,
2,33E,1,Decision Tree,0.0,0.0
3,33E,2,Decision Tree,,
4,33E,1,Random Forest,8.210421976777118,12.074486404577154
5,33E,2,Random Forest,,
0,41D,1,Linear Regression,6.971600474092131e-13,8.275559945861603e-13
1,41D,2,Linear Regression,3.7268546525503585e-12,4.373310291998195e-12
2,41D,1,Decision Tree,0.0,0.0
3,41D,2,Decision Tree,0.0,0.0
4,41D,1,Random Forest,17.34234234234234,18.91609887318843
5,41D,2,Random Forest,25.27596371882086,39.144779308762985
